{
  "test_supervised_points": 621,
  "no3_rmse": 0.6078883178266677,
  "no3_mae": 0.4894110254235506,
  "no3_nrmse": 0.028037767031647193,
  "phosphorus_rmse": 0.7377697316812101,
  "phosphorus_mae": 0.6288392025491466,
  "phosphorus_nrmse": 0.01711351844865779,
  "discharge_rmse": 0.7265393324306656,
  "discharge_mae": 0.5401755822837448,
  "discharge_nrmse": 0.1757630074064157
}